Title,Name,Year,Journal,ArticleURL,Abstract,AuthorCount,Cites,CitesPerAuthor,CitesPerYear,CitesURL,DOI,Age,ECC,FullTextURL,GSRank,Publisher,QueryDate,RelatedURL,Type
Interventions to improve adherence to antiretroviral therapy: a systematic review and network meta-analysis,"S Kanters, JJH Park, K Chan, ME Socias, N Ford, ...",2017,The lancet HIV,https://www.thelancet.com/journals/lanhiv/article/PIIS2352-3018(16)30206-5/abstract,Background High adherence to antiretroviral therapy is crucial to the success of HIV treatment. We evaluated comparative effectiveness of adherence interventions with the aim …,6,303,51,37.88,https://scholar.google.com/scholar?cites=13059139526319050634&as_sdt=2005&sciodt=2007&hl=en,,8,303,https://www.thelancet.com/pdfs/journals/lanhiv/PIIS2352-3018(16)30206-5.pdf,1,thelancet.com,"July 6, 2025 7:45 AM (PDT)",https://scholar.google.com/scholar?q=related:io-CejViO7UJ:scholar.google.com/&scioq=author:%22jamie+i+forrest%22&hl=en&as_sdt=2007,
Comparative efficacy and safety of first-line antiretroviral therapy for the treatment of HIV infection: a systematic review and network meta-analysis,"S Kanters, M Vitoria, M Doherty, ME Socias, N Ford, ...",2016,The lancet HIV,https://www.thelancet.com/journals/lanhiv/article/PIIS2352-3018(16)30091-1/abstract,"Background New antiretroviral therapy (ART) regimens for HIV could improve clinical outcomes for patients. To inform global guidelines, we aimed to assess the comparative …",6,257,43,28.56,https://scholar.google.com/scholar?cites=13472222650056974842&as_sdt=2005&sciodt=2007&hl=en,,9,257,https://www.academia.edu/download/101448852/Comparative_efficacy_and_safety_of_firstline_ART.pdf,2,thelancet.com,"July 6, 2025 7:45 AM (PDT)",https://scholar.google.com/scholar?q=related:-iGeDx_z9roJ:scholar.google.com/&scioq=author:%22jamie+i+forrest%22&hl=en&as_sdt=2007,
Women and vulnerability to HAART non-adherence: a literature review of treatment adherence by gender from 2000 to 2011,"CM Puskas, JI Forrest, S Parashar, KA Salters, ...",2011,Current HIV/AIDS …,https://link.springer.com/article/10.1007/s11904-011-0098-0,"A literature review of original research articles on adherence to antiretroviral therapy (ART) in developed countries, covering January 2000 to June 2011, was conducted to determine if …",5,211,42,15.07,https://scholar.google.com/scholar?cites=10203494105814951250&as_sdt=2005&sciodt=2007&hl=en,10.1007/s11904-011-0098-0,14,211,https://www.academia.edu/download/46146384/s11904-011-0098-020160601-28769-ec06b6.pdf,3,Springer,"July 6, 2025 7:45 AM (PDT)",https://scholar.google.com/scholar?q=related:UmXkLNQXmo0J:scholar.google.com/&scioq=author:%22jamie+i+forrest%22&hl=en&as_sdt=2007,
"Effect of early treatment with fluvoxamine on risk of emergency care and hospitalisation among patients with COVID-19: the TOGETHER randomised, platform …","G Reis, EA dos Santos Moreira-Silva, ...",2022,The Lancet Global …,https://www.thelancet.com/journals/langlo/article/PIIS2214-109X(21)00448-4/fulltext?mst-click=yes%3Fmst-click%3Dyes%3Fmst-click%3Dyes%3Fmst-click%3Dyes%3Fmst-click%3Dyes%3Fmst-click%3Dyes%3Fmst-click%3Dyes%3Fmst-click%3Dyes%3Fmst-click%3Dyes%3Fmst-click%3Dyes%3Fmst-click%3Dyes%3Fmst-click%3Dyes%3Fmst-click%3Dyes%3Fmst-click%3Dyes%3Fmst-click%3Dyes%3Fmst-click%3Dyes%3Fmst-click%3Dyes%3Fmst-click%3Dyes%3Fmst-click%3Dyes%3Fmst-click%3Dyes%3Fmst-click%3Dyes%3Fmst-click%3Dyes%3Fmst-click%3Dyes%3Fmst-click%3Dyes%3Fmst-click%3Dyes%3Fmst-click%3Dyes%3Fmst-click%3Dyes%3Fmst-click%3Dyes%3Fmst-click%3Dyes%3Fmst-click%3Dyes%3Fmst-click%3Dyes%3Fmst-click%3Dyes%3Fmst-click%3Dyes%3Fmst-click%3Dyes%3Fmst-click%3Dyes%3Fmst-click%3Dyes%3Fmst-click%3Dyes%3Fmst-click%3Dyes%3Fmst-click%3Dyes%3Fmst-click%3Dyes%3Fmst-click%3Dyes%3Fmst-click%3Dyes%3Fmst-click%3Dyes%3Fmst-click%3Dyes%3Fmst-click%3Dyes%3Fmst-click%3Dyes%3Fmst-click%3Dyes%3Fmst-click%3Dyes%3Fmst-click%3Dyes%3Fmst-click%3Dyes%3Fmst-click%3Dyes%3Fmst-click%3Dyes%3Fmst-click%3Dyes%3Fmst-click%3Dyes%3Fmst-click%3Dyes%3Fmst-click%3Dyes%3Fmst-click%3Dyes%3Fmst-click%3Dyes%3Fmst-click%3Dyes%3Fmst-click%3Dyes%3Fmst-click%3Dyes%3Fmst-click%3Dyes%3Fmst-click%3Dyes%3Fmst-click%3Dyes,"Background Recent evidence indicates a potential therapeutic role of fluvoxamine for COVID-19. In the TOGETHER trial for acutely symptomatic patients with COVID-19, we …",3,415,138,138.33,https://scholar.google.com/scholar?cites=11437889924056371889&as_sdt=2005&sciodt=2007&hl=en,,3,415,https://www.thelancet.com/journals/langlo/article/PIIS2214-109X(21)00448-4/fulltext?mst-click=yes%3Fmst-click%3Dyes%3Fmst-click%3Dyes%3Fmst-click%3Dyes%3Fmst-click%3Dyes%3Fmst-click%3Dyes%3Fmst-click%3Dyes%3Fmst-click%3Dyes%3Fmst-click%3Dyes%3Fmst-click%3Dyes%3Fmst-click%3Dyes%3Fmst-click%3Dyes%3Fmst-click%3Dyes%3Fmst-click%3Dyes%3Fmst-click%3Dyes%3Fmst-click%3Dyes%3Fmst-click%3Dyes%3Fmst-click%3Dyes%3Fmst-click%3Dyes%3Fmst-click%3Dyes%3Fmst-click%3Dyes%3Fmst-click%3Dyes%3Fmst-click%3Dyes%3Fmst-click%3Dyes%3Fmst-click%3Dyes%3Fmst-click%3Dyes%3Fmst-click%3Dyes%3Fmst-click%3Dyes%3Fmst-click%3Dyes%3Fmst-click%3Dyes%3Fmst-click%3Dyes%3Fmst-click%3Dyes%3Fmst-click%3Dyes%3Fmst-click%3Dyes%3Fmst-click%3Dyes%3Fmst-click%3Dyes%3Fmst-click%3Dyes%3Fmst-click%3Dyes%3Fmst-click%3Dyes%3Fmst-click%3Dyes%3Fmst-click%3Dyes%3Fmst-click%3Dyes%3Fmst-click%3Dyes%3Fmst-click%3Dyes%3Fmst-click%3Dyes%3Fmst-click%3Dyes%3Fmst-click%3Dyes%3Fmst-click%3Dyes%3Fmst-click%3Dyes%3Fmst-click%3Dyes%3Fmst-click%3Dyes%3Fmst-click%3Dyes%3Fmst-click%3Dyes%3Fmst-click%3Dyes%3Fmst-click%3Dyes%3Fmst-click%3Dyes%3Fmst-click%3Dyes%3Fmst-click%3Dyes%3Fmst-click%3Dyes%3Fmst-click%3Dyes%3Fmst-click%3Dyes%3Fmst-click%3Dyes%3Fmst-click%3Dyes%3Fmst-click%3Dyes,4,thelancet.com,"July 6, 2025 7:45 AM (PDT)",https://scholar.google.com/scholar?q=related:sVJmD0mMu54J:scholar.google.com/&scioq=author:%22jamie+i+forrest%22&hl=en&as_sdt=2007,HTML
"Validating a shortened depression scale (10 item CES-D) among HIV-positive people in British Columbia, Canada","W Zhang, N O'Brien, JI Forrest, KA Salters, ...",2012,PloS one,https://journals.plos.org/plosone/article?id=10.1371/journal.pone.0040793,Objective To establish the reliability and validity of a shortened (10-item) depression scale used among HIV-positive patients enrolled in the Drug Treatment Program in British …,5,686,137,52.77,https://scholar.google.com/scholar?cites=14625338329471016764&as_sdt=2005&sciodt=2007&hl=en,,13,686,https://journals.plos.org/plosone/article?id=10.1371/journal.pone.0040793,5,journals.plos.org,"July 6, 2025 7:45 AM (PDT)",https://scholar.google.com/scholar?q=related:PF8G6Lij98oJ:scholar.google.com/&scioq=author:%22jamie+i+forrest%22&hl=en&as_sdt=2007,HTML
Effect of early treatment with ivermectin among patients with Covid-19,"G Reis, EASM Silva, DCM Silva, ...",2022,… England Journal of …,https://www.nejm.org/doi/abs/10.1056/NEJMoa2115869,Background The efficacy of ivermectin in preventing hospitalization or extended observation in an emergency setting among outpatients with acutely symptomatic coronavirus disease …,4,264,66,88,https://scholar.google.com/scholar?cites=17731035617014613070&as_sdt=2005&sciodt=2007&hl=en,10.1056/NEJMoa2115869,3,264,https://www.nejm.org/doi/pdf/10.1056/nejmoa2115869,6,Mass Medical Soc,"July 6, 2025 7:45 AM (PDT)",https://scholar.google.com/scholar?q=related:ToT0W_NKEfYJ:scholar.google.com/&scioq=author:%22jamie+i+forrest%22&hl=en&as_sdt=2007,
Early treatment with pegylated interferon lambda for Covid-19,"G Reis, EAS Moreira Silva, ...",2023,… England Journal of …,https://www.nejm.org/doi/full/10.1056/NEJMoa2209760,Background The efficacy of a single dose of pegylated interferon lambda in preventing clinical events among outpatients with acute symptomatic coronavirus disease 2019 (Covid …,3,174,58,87,https://scholar.google.com/scholar?cites=9527850041266565523&as_sdt=2005&sciodt=2007&hl=en,10.1056/NEJMoa2209760,2,174,https://www.nejm.org/doi/full/10.1056/NEJMoa2209760,7,Mass Medical Soc,"July 6, 2025 7:45 AM (PDT)",https://scholar.google.com/scholar?q=related:k3HiviG5OYQJ:scholar.google.com/&scioq=author:%22jamie+i+forrest%22&hl=en&as_sdt=2007,HTML
A real-time dashboard of clinical trials for COVID-19,"K Thorlund, L Dron, J Park, G Hsu, JI Forrest, ...",2020,The Lancet Digital …,https://www.thelancet.com/journals/landig/article/PIIS2589-7500(20)30086-8/fulltext,"In response to the global coronavirus disease 2019 (COVID-19) emergency, clinical trial research assessing the efficacy and safety of clinical candidate interventions to treat COVID …",6,261,44,52.2,https://scholar.google.com/scholar?cites=6194483956566393992&as_sdt=2005&sciodt=2007&hl=en,,5,261,https://www.thelancet.com/journals/landig/article/PIIS2589-7500(20)30086-8/fulltext,8,thelancet.com,"July 6, 2025 7:45 AM (PDT)",https://scholar.google.com/scholar?q=related:iAT_tVY691UJ:scholar.google.com/&scioq=author:%22jamie+i+forrest%22&hl=en&as_sdt=2007,HTML
Effect of early treatment with hydroxychloroquine or lopinavir and ritonavir on risk of hospitalization among patients with COVID-19: the TOGETHER randomized …,"G Reis, EASM Silva, DCM Silva, L Thabane, ...",2021,JAMA Network …,https://jamanetwork.com/journals/jamanetworkopen/article-abstract/2779044,Importance Data on the efficacy of hydroxychloroquine or lopinavir-ritonavir for the treatment of high-risk outpatients with COVID-19 in developing countries are needed. Objective To …,5,165,33,41.25,https://scholar.google.com/scholar?cites=2867622722193340176&as_sdt=2005&sciodt=2007&hl=en,,4,165,https://jamanetwork.com/journals/jamanetworkopen/fullarticle/2779044,9,jamanetwork.com,"July 6, 2025 7:45 AM (PDT)",https://scholar.google.com/scholar?q=related:EDcsKqzXyycJ:scholar.google.com/&scioq=author:%22jamie+i+forrest%22&hl=en&as_sdt=2007,
Life expectancy among HIV-positive patients in Rwanda: a retrospective observational cohort study,"S Nsanzimana, E Remera, S Kanters, K Chan, ...",2015,The Lancet Global …,https://www.thelancet.com/journals/langlo/article/PIIS2214-109X(14)70364-X/fulltext,Background Rwanda has achieved substantial progress in scaling up of antiretroviral therapy. We aimed to assess the effect of increased access to antiretroviral therapy on life …,5,144,29,14.4,https://scholar.google.com/scholar?cites=7844775672896744114&as_sdt=2005&sciodt=2007&hl=en,,10,144,https://www.thelancet.com/journals/langlo/article/PIIS2214-109X(14)70364-X/fulltext,10,thelancet.com,"July 6, 2025 7:45 AM (PDT)",https://scholar.google.com/scholar?q=related:suqiPek93mwJ:scholar.google.com/&scioq=author:%22jamie+i+forrest%22&hl=en&as_sdt=2007,HTML
Effect of early treatment with metformin on risk of emergency care and hospitalization among patients with COVID-19: The TOGETHER randomized platform …,"G Reis, EASM Silva, DCM Silva, L Thabane, ...",2022,The Lancet Regional …,https://www.thelancet.com/journals/lanam/article/PIIS2667-193X(21)00138-1/fulltext?uuid=uuid%3A2ff97f32-4308-4a3f-8ec2-b4778b5e8a32,Background Observational studies have postulated a therapeutic role of metformin in treating COVID-19. We conducted an adaptive platform clinical trial to determine whether …,5,63,13,21,https://scholar.google.com/scholar?cites=6427628347906070462&as_sdt=2005&sciodt=2007&hl=en,,3,63,https://www.thelancet.com/journals/lanam/article/PIIS2667-193X(21)00138-1/fulltext?uuid=uuid%3A2ff97f32-4308-4a3f-8ec2-b4778b5e8a32,11,thelancet.com,"July 6, 2025 7:45 AM (PDT)",https://scholar.google.com/scholar?q=related:vhcsae2FM1kJ:scholar.google.com/&scioq=author:%22jamie+i+forrest%22&hl=en&as_sdt=2007,HTML
Mobile health applications for HIV prevention and care in Africa,"JI Forrest, M Wiens, S Kanters, ...",2015,Current Opinion in …,https://journals.lww.com/co-hivandaids/fulltext/2015/11000/Mobile_health_applications_for_HIV_prevention_and.11.aspx,The potential for m-health in Africa is numerous and should not be limited only to direct patient-care focused applications. Although the use of smart phone technology is on the rise …,4,82,21,8.2,https://scholar.google.com/scholar?cites=13311392201902297564&as_sdt=2005&sciodt=2007&hl=en,,10,82,https://www.academia.edu/download/39976811/Mobile_health_applications_for_HIV_preve20151113-19563-1k2zf6j.pdf,12,journals.lww.com,"July 6, 2025 7:45 AM (PDT)",https://scholar.google.com/scholar?q=related:3JFKTK6Qu7gJ:scholar.google.com/&scioq=author:%22jamie+i+forrest%22&hl=en&as_sdt=2007,
Interferon treatments for SARS-CoV-2: challenges and opportunities,"D Jhuti, A Rawat, CM Guo, LA Wilson, EJ Mills, ...",2022,Infectious diseases and …,https://link.springer.com/article/10.1007/s40121-022-00633-9,"Interferon (IFN) therapies are used to treat a variety of infections and diseases and could be used to treat SARS-CoV-2. However, optimal use and timing of IFN therapy to treat SARS …",6,36,6,12,https://scholar.google.com/scholar?cites=17242590999997442782&as_sdt=2005&sciodt=2007&hl=en,10.1007/s40121-022-00633-9,3,36,https://link.springer.com/article/10.1007/s40121-022-00633-9,13,Springer,"July 6, 2025 7:45 AM (PDT)",https://scholar.google.com/scholar?q=related:3uoxyij9Se8J:scholar.google.com/&scioq=author:%22jamie+i+forrest%22&hl=en&as_sdt=2007,HTML
Drug resistance mutations after the first 12 months on antiretroviral therapy and determinants of virological failure in Rwanda,"JA Ndahimana, DJ Riedel, ...",2016,Tropical Medicine & …,https://onlinelibrary.wiley.com/doi/abs/10.1111/tmi.12717,Objective To evaluate HIV drug resistance (HIVDR) and determinants of virological failure in a large cohort of patients receiving first‐line tenofovir‐based antiretroviral therapy (ART) …,3,62,21,6.89,https://scholar.google.com/scholar?cites=12652520093728835524&as_sdt=2005&sciodt=2007&hl=en,10.1111/tmi.12717,9,62,https://onlinelibrary.wiley.com/doi/pdf/10.1111/tmi.12717,14,Wiley Online Library,"July 6, 2025 7:45 AM (PDT)",https://scholar.google.com/scholar?q=related:xAczRP3Hlq8J:scholar.google.com/&scioq=author:%22jamie+i+forrest%22&hl=en&as_sdt=2007,
Association between Internet use and body dissatisfaction among young females: Cross-sectional analysis of the Canadian Community Health Survey,"A Carter, JI Forrest, A Kaida",2017,Journal of medical Internet research,https://www.jmir.org/2017/2/e39/,"Background Recent research suggests Internet exposure, including Facebook use, is positively correlated with body dissatisfaction, especially among girls and young women …",3,58,19,7.25,https://scholar.google.com/scholar?cites=3299900405832524389&as_sdt=2005&sciodt=2007&hl=en,,8,58,https://www.jmir.org/2017/2/e39/,15,jmir.org,"July 6, 2025 7:45 AM (PDT)",https://scholar.google.com/scholar?q=related:ZaLQe--Zyy0J:scholar.google.com/&scioq=author:%22jamie+i+forrest%22&hl=en&as_sdt=2007,HTML
Including online-recruited seeds: a respondent-driven sample of men who have sex with men,"NJ Lachowsky, A Lal, JI Forrest, KG Card, Z Cui, ...",2016,Journal of medical …,https://www.jmir.org/2016/3/e51/3360,"Background: Technology has changed the way men who have sex with men (MSM) seek sex and socialize, which may impact the implementation of respondent-driven sampling …",6,57,10,6.33,https://scholar.google.com/scholar?cites=17692282135172880988&as_sdt=2005&sciodt=2007&hl=en,,9,57,https://www.jmir.org/2016/3/e51/3360,16,jmir.org,"July 6, 2025 7:45 AM (PDT)",https://scholar.google.com/scholar?q=related:XBr4PN2ch_UJ:scholar.google.com/&scioq=author:%22jamie+i+forrest%22&hl=en&as_sdt=2007,HTML
Improving health outcomes through concurrent HIV program scale-up and health system development in Rwanda: 20 years of experience,"S Nsanzimana, K Prabhu, H McDermott, E Karita, ...",2015,BMC medicine,https://link.springer.com/article/10.1186/s12916-015-0443-z,The 1994 genocide against the Tutsi destroyed the health system in Rwanda. It is impressive that a small country like Rwanda has advanced its health system to the point of …,5,60,12,6,https://scholar.google.com/scholar?cites=11321442912457972707&as_sdt=2005&sciodt=2007&hl=en,10.1186/s12916-015-0443-z,10,60,https://link.springer.com/article/10.1186/s12916-015-0443-z,17,Springer,"July 6, 2025 7:45 AM (PDT)",https://scholar.google.com/scholar?q=related:49vrZVjYHZ0J:scholar.google.com/&scioq=author:%22jamie+i+forrest%22&hl=en&as_sdt=2007,HTML
"Trends and level of control of hypertension among adults attending an ambulatory HIV clinic in Kampala, Uganda: a retrospective study","R Kalyesubula, A Kayongo, FC Semitala, ...",2016,BMJ global …,https://gh.bmj.com/content/1/3/e000055.abstract,"Background With an ageing HIV-positive population, sub-Saharan Africa is now facing a dual epidemic of communicable and non-communicable diseases (NCDs). This study aimed …",4,51,13,5.67,https://scholar.google.com/scholar?cites=8509619530614506025&as_sdt=2005&sciodt=2007&hl=en,,9,51,https://gh.bmj.com/content/bmjgh/1/3/e000055.full.pdf,18,gh.bmj.com,"July 6, 2025 7:45 AM (PDT)",https://scholar.google.com/scholar?q=related:KQIBkOA9GHYJ:scholar.google.com/&scioq=author:%22jamie+i+forrest%22&hl=en&as_sdt=2007,
HIV care continuum in Rwanda: a cross-sectional analysis of the national programme,"S Nsanzimana, S Kanters, E Remera, JI Forrest, ...",2015,The lancet HIV,https://www.thelancet.com/journals/lanhiv/article/PIIS2352-3018(15)00024-7/abstract,Background Rwanda has made remarkable progress towards HIV care programme with strong national monitoring and surveillance. Knowledge about the HIV care continuum …,5,65,13,6.5,https://scholar.google.com/scholar?cites=17561208303091835765&as_sdt=2005&sciodt=2007&hl=en,,10,65,,19,thelancet.com,"July 6, 2025 7:45 AM (PDT)",https://scholar.google.com/scholar?q=related:deNtjOjxtfMJ:scholar.google.com/&scioq=author:%22jamie+i+forrest%22&hl=en&as_sdt=2007,
The rise and fall of hydroxychloroquine for the treatment and prevention of COVID-19,"Z Lee, CR Rayner, JI Forrest, ...",2020,… American journal of …,https://pmc.ncbi.nlm.nih.gov/articles/PMC7790108/,"The efficacy and safety of hydroxychloroquine (HCQ) for the prevention and treatment of COVID-19 has received great attention, and most notably, the enthusiasm for HCQ has been …",4,38,10,7.6,https://scholar.google.com/scholar?cites=9899218699468848836&as_sdt=2005&sciodt=2007&hl=en,,5,38,https://pmc.ncbi.nlm.nih.gov/articles/PMC7790108/,20,pmc.ncbi.nlm.nih.gov,"July 6, 2025 7:45 AM (PDT)",https://scholar.google.com/scholar?q=related:xL6-d_UWYYkJ:scholar.google.com/&scioq=author:%22jamie+i+forrest%22&hl=en&as_sdt=2007,HTML
"Gay and bisexual men's awareness and knowledge of treatment as prevention: findings from the Momentum Health Study in Vancouver, Canada","A Carter, N Lachowsky, A Rich, ...",2015,Journal of the …,https://onlinelibrary.wiley.com/doi/abs/10.7448/IAS.18.1.20039,"Introduction Awareness and knowledge of treatment as prevention (TasP) was assessed among HIV‐positive and HIV‐negative gay, bisexual and other men who have sex with men …",4,49,12,4.9,https://scholar.google.com/scholar?cites=12238922031917673600&as_sdt=2005&sciodt=2007&hl=en,10.7448/IAS.18.1.20039,10,49,https://onlinelibrary.wiley.com/doi/pdfdirect/10.7448/IAS.18.1.20039,21,Wiley Online Library,"July 6, 2025 7:45 AM (PDT)",https://scholar.google.com/scholar?q=related:gKwnUr5i2akJ:scholar.google.com/&scioq=author:%22jamie+i+forrest%22&hl=en&as_sdt=2007,
"Substance use as a mechanism for social inclusion among gay, bisexual, and other men who have sex with men in Vancouver, Canada","B W. Hawkins, HL Armstrong, S Kesselring, ...",2019,Substance Use & …,https://www.tandfonline.com/doi/abs/10.1080/10826084.2019.1621901,"Background: Previous research demonstrates that substance use preferences and social-sexual environments are highly interrelated for gay, bisexual, and other men who have sex …",4,32,8,5.33,https://scholar.google.com/scholar?cites=1963182504140451094&as_sdt=2005&sciodt=2007&hl=en,10.1080/10826084.2019.1621901,6,32,https://pmc.ncbi.nlm.nih.gov/articles/PMC7055638/pdf/nihms-1531343.pdf,22,Taylor &Francis,"July 6, 2025 7:45 AM (PDT)",https://scholar.google.com/scholar?q=related:Fq2NDBagPhsJ:scholar.google.com/&scioq=author:%22jamie+i+forrest%22&hl=en&as_sdt=2007,
Fluvoxamine for the early treatment of COVID-19: a meta-analysis of randomized clinical trials,"CM Guo, O Harari, C Chernecki, ...",2022,… American Journal of …,https://pmc.ncbi.nlm.nih.gov/articles/PMC9128689/,Fluvoxamine is widely prescribed as an antidepressant. Recent studies show the drug may have a clinical benefit in treating COVID-19. We aimed to perform a meta-analysis of the …,4,21,5,7,https://scholar.google.com/scholar?cites=4317273401258580271&as_sdt=2005&sciodt=2007&hl=en,,3,21,https://pmc.ncbi.nlm.nih.gov/articles/PMC9128689/,23,pmc.ncbi.nlm.nih.gov,"July 6, 2025 7:45 AM (PDT)",https://scholar.google.com/scholar?q=related:L5lC2EgJ6jsJ:scholar.google.com/&scioq=author:%22jamie+i+forrest%22&hl=en&as_sdt=2007,HTML
"Exploring the role of sex-seeking apps and websites in the social and sexual lives of gay, bisexual and other men who have sex with men: a cross-sectional study","KG Card, NJ Lachowsky, Z Cui, S Shurgold, ...",2016,Sexual …,https://www.publish.csiro.au/SH/SH16150,"Background The objective of this study was to explore the relationship between online sex-seeking, community/social attachment and sexual behaviour. Methods: Respondent-driven …",5,39,8,4.33,https://scholar.google.com/scholar?cites=5868272055085701598&as_sdt=2005&sciodt=2007&hl=en,,9,39,https://pmc.ncbi.nlm.nih.gov/articles/PMC5572510/pdf/nihms889860.pdf,24,CSIRO Publishing,"July 6, 2025 7:45 AM (PDT)",https://scholar.google.com/scholar?q=related:3hm8uFdKcFEJ:scholar.google.com/&scioq=author:%22jamie+i+forrest%22&hl=en&as_sdt=2007,
Thinking upstream: the roles of international health and drug policies in public health responses to chemsex,"O Stevens, JI Forrest",2018,Sexual Health,https://www.publish.csiro.au/sh/sh17153,"Chemsex is a growing public health concern in urban centres, and few interventions exist to mitigate the significant sexual, drug-related, and social harms potentially experienced by …",2,28,14,4,https://scholar.google.com/scholar?cites=4829756692462112868&as_sdt=2005&sciodt=2007&hl=en,,7,28,,25,CSIRO Publishing,"July 6, 2025 7:45 AM (PDT)",https://scholar.google.com/scholar?q=related:ZBDFZR--BkMJ:scholar.google.com/&scioq=author:%22jamie+i+forrest%22&hl=en&as_sdt=2007,
"An event-level analysis of the interpersonal factors associated with condomless anal sex among gay, bisexual, and other men who have sex with men (MSM) with …","KG Card, NJ Lachowsky, Z Cui, S Shurgold, ...",2017,AIDS Education and …,https://guilfordjournals.com/doi/abs/10.1521/aeap.2017.29.2.154,"The interpersonal determinants of condomless anal sex (CAS) within online-initiated sexual relationships remain poorly understood. Therefore, respondent-driven sampling was used to …",5,31,6,3.88,https://scholar.google.com/scholar?cites=18358758492980621874&as_sdt=2005&sciodt=2007&hl=en,10.1521/aeap.2017.29.2.154,8,31,https://pmc.ncbi.nlm.nih.gov/articles/PMC5564309/pdf/nihms889866.pdf,26,Guilford Press,"July 6, 2025 7:45 AM (PDT)",https://scholar.google.com/scholar?q=related:MrJLm5Rpx_4J:scholar.google.com/&scioq=author:%22jamie+i+forrest%22&hl=en&as_sdt=2007,
Impact of implementing performance-based financing on childhood malnutrition in Rwanda,"A Binagwaho, J Condo, C Wagner, F Ngabo, ...",2014,BMC Public Health,https://link.springer.com/article/10.1186/1471-2458-14-1132,"Background Malnutrition remains a serious concern in Rwanda, particularly among children under-5 years. Performance-based financing (PBF), an innovative health systems financing …",5,39,8,3.55,https://scholar.google.com/scholar?cites=16966247403501750289&as_sdt=2005&sciodt=2007&hl=en,10.1186/1471-2458-14-1132,11,39,https://link.springer.com/article/10.1186/1471-2458-14-1132,27,Springer,"July 6, 2025 7:45 AM (PDT)",https://scholar.google.com/scholar?q=related:EYgdWR84dOsJ:scholar.google.com/&scioq=author:%22jamie+i+forrest%22&hl=en&as_sdt=2007,HTML
Matched vs Nonmatched Placebos in a Randomized Trial of COVID-19 Treatments,"G Reis, LCM Savassi, TS Ferreira, LLF Reis, ...",2024,JAMA Network …,https://jamanetwork.com/journals/jamanetworkopen/article-abstract/2818862,Importance Matched placebo interventions are complex and resource intensive. Recent evidence suggests matched placebos may not always be necessary. Previous studies have …,5,0,0,0,,,1,0,https://jamanetwork.com/journals/jamanetworkopen/fullarticle/2818862,28,jamanetwork.com,"July 6, 2025 7:45 AM (PDT)",https://scholar.google.com/scholar?q=related:CcJnczARO9MJ:scholar.google.com/&scioq=author:%22jamie+i+forrest%22&hl=en&as_sdt=2007,
Effect of spirulina on risk of hospitalization among patients with COVID-19: the TOGETHER randomized trial,"G Reis, EASM Silva, DCM Silva, L Thabane, ...",2024,The American Journal of …,https://www.sciencedirect.com/science/article/pii/S0002916524005884,"Background Algae-derived nutraceuticals, such as spirulina, have been reported to have biological activities that may minimize clinical consequences to COVID-19 infections …",5,1,0,1,https://scholar.google.com/scholar?cites=3498570530012610502&as_sdt=2005&sciodt=2007&hl=en,,1,1,https://ajcn.nutrition.org/article/S0002-9165(24)00588-4/pdf,29,Elsevier,"July 6, 2025 7:45 AM (PDT)",https://scholar.google.com/scholar?q=related:xj8NX1xrjTAJ:scholar.google.com/&scioq=author:%22jamie+i+forrest%22&hl=en&as_sdt=2007,
Early treatment of COVID-19 disease: a missed opportunity,"JI Forrest, CR Rayner, JJH Park, EJ Mills",2020,Infectious diseases and therapy,https://link.springer.com/article/10.1007/s40121-020-00349-8,"Antivirals have demonstrated efficacy in treating other infectious diseases in early stages of disease, reducing morbidity, mortality, and the likelihood of onward transmission. At the time …",4,22,6,4.4,https://scholar.google.com/scholar?cites=13578632100252623761&as_sdt=2005&sciodt=2007&hl=en,10.1007/s40121-020-00349-8,5,22,https://link.springer.com/article/10.1007/s40121-020-00349-8,30,Springer,"July 6, 2025 7:45 AM (PDT)",https://scholar.google.com/scholar?q=related:kSNG1_P9cLwJ:scholar.google.com/&scioq=author:%22jamie+i+forrest%22&hl=en&as_sdt=2007,HTML
"A multi-center, adaptive, randomized, platform trial to evaluate the effect of repurposed medicines in outpatients with early coronavirus disease 2019 (COVID …","G Reis, EASM Silva, DCM Silva, ...",2021,Gates Open …,https://gatesopenresearch.org/articles/5-117,"Background: Although vaccines are currently available for coronavirus disease 2019 (COVID-19), there remains a need for an effective and affordable outpatient treatment for …",4,14,4,3.5,https://scholar.google.com/scholar?cites=4490430100987542830&as_sdt=2005&sciodt=2007&hl=en,,4,14,https://gatesopenresearch.org/articles/5-117,31,gatesopenresearch.org,"July 6, 2025 7:45 AM (PDT)",https://scholar.google.com/scholar?q=related:Ln0VsmI2UT4J:scholar.google.com/&scioq=author:%22jamie+i+forrest%22&hl=en&as_sdt=2007,HTML
Identifying self-perceived HIV-related stigma in a population accessing antiretroviral therapy,"D Tzemis, JI Forrest, CM Puskas, W Zhang, ...",2013,AIDS care,https://www.tandfonline.com/doi/abs/10.1080/09540121.2012.687809,"This study identifies factors associated with self-perceived HIV-related stigma (stigma) among a cohort of individuals accessing antiretroviral therapy in British Columbia, Canada …",5,35,7,2.92,https://scholar.google.com/scholar?cites=9866657380619594117&as_sdt=2005&sciodt=2007&hl=en,10.1080/09540121.2012.687809,12,35,https://pmc.ncbi.nlm.nih.gov/articles/PMC3879041/pdf/nihms-391195.pdf,32,Taylor &Francis,"July 6, 2025 7:45 AM (PDT)",https://scholar.google.com/scholar?q=related:hSlRpJxo7YgJ:scholar.google.com/&scioq=author:%22jamie+i+forrest%22&hl=en&as_sdt=2007,
"Community mapping and respondent-driven sampling of gay and bisexual men's communities in Vancouver, Canada","JI Forrest, B Stevenson, A Rich, ...",2014,"Culture, health & …",https://www.tandfonline.com/doi/abs/10.1080/13691058.2014.881551,"Literature suggests formative research is vital for those using respondent-driven sampling (RDS) to study hidden populations of interest. However, few authors have described in detail …",4,35,9,3.18,https://scholar.google.com/scholar?cites=9210181420649635510&as_sdt=2005&sciodt=2007&hl=en,10.1080/13691058.2014.881551,11,35,https://pmc.ncbi.nlm.nih.gov/articles/PMC4127385/pdf/nihms564022.pdf,33,Taylor &Francis,"July 6, 2025 7:45 AM (PDT)",https://scholar.google.com/scholar?q=related:tl65VjQj0X8J:scholar.google.com/&scioq=author:%22jamie+i+forrest%22&hl=en&as_sdt=2007,
"Factors associated with productive recruiting in a respondent-driven sample of men who have sex with men in Vancouver, Canada","JI Forrest, NJ Lachowsky, A Lal, Z Cui, P Sereda, ...",2016,Journal of Urban …,https://link.springer.com/article/10.1007/s11524-016-0032-2,Respondent-driven sampling (RDS) has become a preferred sampling strategy for HIV research and surveillance in many global settings. Methodological investigation into the …,6,26,4,2.89,https://scholar.google.com/scholar?cites=2866187498583647104&as_sdt=2005&sciodt=2007&hl=en,10.1007/s11524-016-0032-2,9,26,https://pmc.ncbi.nlm.nih.gov/articles/PMC4835350/pdf/11524_2016_Article_32.pdf,34,Springer,"July 6, 2025 7:45 AM (PDT)",https://scholar.google.com/scholar?q=related:gGO-IFi-xicJ:scholar.google.com/&scioq=author:%22jamie+i+forrest%22&hl=en&as_sdt=2007,
"Factors associated with disclosure of HIV status among a cohort of individuals on antiretroviral therapy in British Columbia, Canada","AJ Hirsch Allen, JI Forrest, S Kanters, N O'Brien, ...",2014,AIDS and Behavior,https://link.springer.com/article/10.1007/s10461-013-0623-9,"We sought to examine the prevalence and correlates of HIV-disclosure among treatment-experienced individuals in British Columbia, Canada. Study participants completed an …",5,28,6,2.55,https://scholar.google.com/scholar?cites=8478747000326394801&as_sdt=2005&sciodt=2007&hl=en,10.1007/s10461-013-0623-9,11,28,,35,Springer,"July 6, 2025 7:45 AM (PDT)",https://scholar.google.com/scholar?q=related:sRPddnmPqnUJ:scholar.google.com/&scioq=author:%22jamie+i+forrest%22&hl=en&as_sdt=2007,
Effect of baseline CD4 cell count at linkage to HIV care and at initiation of antiretroviral therapy on mortality in HIV-positive adult patients in Rwanda: a nationwide …,"S Nsanzimana, E Remera, S Kanters, JI Forrest, ...",2015,The lancet HIV,https://www.thelancet.com/journals/lanhiv/article/PIIS2352-3018(15)00112-5/abstract,Background Continued debate exists about whether initiation of antiretroviral therapy (ART) in symptom-free patients at higher baseline CD4 cell counts results in important clinical …,5,23,5,2.3,https://scholar.google.com/scholar?cites=1855355502438126503&as_sdt=2005&sciodt=2007&hl=en,,10,23,https://www.sciencedirect.com/science/article/am/pii/S2352301815001125,36,thelancet.com,"July 6, 2025 7:45 AM (PDT)",https://scholar.google.com/scholar?q=related:pxPk1v-LvxkJ:scholar.google.com/&scioq=author:%22jamie+i+forrest%22&hl=en&as_sdt=2007,
Oral fluvoxamine with inhaled budesonide for treatment of early-onset COVID-19: a randomized platform trial,"G Reis, EA dos Santos Moreira Silva, ...",2023,Annals of internal …,https://www.acpjournals.org/doi/abs/10.7326/M22-3305,Background: Previous trials have demonstrated the effects of fluvoxamine alone and inhaled budesonide alone for prevention of disease progression among outpatients with COVID-19 …,3,34,11,17,https://scholar.google.com/scholar?cites=17850647165170278464&as_sdt=2005&sciodt=2007&hl=en,10.7326/M22-3305,2,34,https://www.acpjournals.org/doi/pdf/10.7326/M22-3305?download=true,37,acpjournals.org,"July 6, 2025 7:45 AM (PDT)",https://scholar.google.com/scholar?q=related:QODOGgU9uvcJ:scholar.google.com/&scioq=author:%22jamie+i+forrest%22&hl=en&as_sdt=2007,
Significant differences in clinical outcomes between HIV-hepatitis C virus coinfected individuals with and without injection drug use history,"A Cescon, K Chan, JM Raboud, AN Burchell, JI Forrest, ...",2014,Aids,https://journals.lww.com/aidsonline/fulltext/2014/01020/significant_differences_in_clinical_outcomes.14.aspx,Objective: Studies focusing on HIV-hepatitis C virus (HCV) coinfected individuals without a history of IDU are limited. It is plausible that poorer clinical outcomes in HIV-HCV coinfection …,6,26,4,2.36,https://scholar.google.com/scholar?cites=9835413250077900428&as_sdt=2005&sciodt=2007&hl=en,,11,26,,38,journals.lww.com,"July 6, 2025 7:45 AM (PDT)",https://scholar.google.com/scholar?q=related:jD4Qnj1ofogJ:scholar.google.com/&scioq=author:%22jamie+i+forrest%22&hl=en&as_sdt=2007,
Towards elimination of mother‐to‐child transmission of HIV in Rwanda: a nested case‐control study of risk factors for transmission,"E Remera, P Mugwaneza, F Chammartin, ...",2021,BMC pregnancy and …,https://link.springer.com/article/10.1186/s12884-021-03806-5,"Background Mother-to-child HIV transmission (MTCT) has substantially declined since the scale-up of prevention programs around the world, including Rwanda. To achieve full …",4,14,4,3.5,https://scholar.google.com/scholar?cites=6165020047211476255&as_sdt=2005&sciodt=2007&hl=en,10.1186/s12884-021-03806-5,4,14,https://link.springer.com/article/10.1186/s12884-021-03806-5,39,Springer,"July 6, 2025 7:45 AM (PDT)",https://scholar.google.com/scholar?q=related:H7UzuxGNjlUJ:scholar.google.com/&scioq=author:%22jamie+i+forrest%22&hl=en&as_sdt=2007,HTML
Cohort profile: longitudinal investigations into supportive and ancillary health services,"KC Duncan, K Salters, JI Forrest, ...",2013,International journal …,https://academic.oup.com/ije/article-abstract/42/4/947/655421,Abstract The Longitudinal Investigations into Supportive and Ancillary health services (LISA) study is a cohort of people living with HIV/AIDS who have ever accessed anti-retroviral …,4,20,5,1.67,https://scholar.google.com/scholar?cites=14104066759334791798&as_sdt=2005&sciodt=2007&hl=en,,12,20,https://academic.oup.com/ije/article/42/4/947/655421,40,academic.oup.com,"July 6, 2025 7:45 AM (PDT)",https://scholar.google.com/scholar?q=related:doqLtv21u8MJ:scholar.google.com/&scioq=author:%22jamie+i+forrest%22&hl=en&as_sdt=2007,
"Trends in plasma HIV-RNA suppression and antiretroviral resistance in British Columbia, 1997–2010","A Cescon, S Kanters, CJ Brumme, ...",2014,JAIDS Journal of …,https://journals.lww.com/jaids/fulltext/2014/01010/Trends_in_Plasma_HIV_RNA_Suppression_and.16.aspx,"Objectives: To examine temporal trends in plasma viral load (pVL) suppression and antiretroviral resistance from 1997 to 2010 in British Columbia (BC), Canada, and determine …",4,22,6,2,https://scholar.google.com/scholar?cites=4664806042618008136&as_sdt=2005&sciodt=2007&hl=en,,11,22,https://pmc.ncbi.nlm.nih.gov/articles/PMC4266465/pdf/nihms-647298.pdf,41,journals.lww.com,"July 6, 2025 7:45 AM (PDT)",https://scholar.google.com/scholar?q=related:SJJXbGG4vEAJ:scholar.google.com/&scioq=author:%22jamie+i+forrest%22&hl=en&as_sdt=2007,
"Perceptions of HIV and fertility among adolescents in Soweto, South Africa: stigma and social barriers continue to hinder progress","JI Forrest, A Kaida, J Dietrich, CL Miller, RS Hogg, ...",2009,AIDS and Behavior,https://link.springer.com/article/10.1007/s10461-009-9552-z,The scale up of highly active antiretroviral therapy (HAART) for the treatment of HIV has raised new concerns relating to fertility desires and outcomes. Among these concerns is …,6,21,4,1.31,https://scholar.google.com/scholar?cites=15623091684211072918&as_sdt=2005&sciodt=2007&hl=en,10.1007/s10461-009-9552-z,16,21,https://link.springer.com/article/10.1007/s10461-009-9552-z,42,Springer,"July 6, 2025 7:45 AM (PDT)",https://scholar.google.com/scholar?q=related:lp_Cshxf0NgJ:scholar.google.com/&scioq=author:%22jamie+i+forrest%22&hl=en&as_sdt=2007,HTML
Early treatment with fluvoxamine among patients with COVID-19: a cost-consequence model,"FP Mills, G Reis, LA Wilson, K Thorlund, ...",2022,… American Journal of …,https://pmc.ncbi.nlm.nih.gov/articles/PMC9833089/,"To date, two published randomized trials have indicated a clinical benefit of early treatment with fluvoxamine versus placebo for adults with symptomatic COVID-19. Using the results of …",5,6,1,2,https://scholar.google.com/scholar?cites=17290147388854530860&as_sdt=2005&sciodt=2007&hl=en,,3,6,https://pmc.ncbi.nlm.nih.gov/articles/PMC9833089/,43,pmc.ncbi.nlm.nih.gov,"July 6, 2025 7:45 AM (PDT)",https://scholar.google.com/scholar?q=related:LHPSanHx8u8J:scholar.google.com/&scioq=author:%22jamie+i+forrest%22&hl=en&as_sdt=2007,HTML
"Brief report: Active HIV case finding in the city of Kigali, Rwanda: Assessment of voluntary assisted partner notification modalities to detect undiagnosed HIV …","E Remera, S Nsanzimana, F Chammartin, ...",2022,JAIDS Journal of …,https://journals.lww.com/jaids/fulltext/2022/04010/brief_report__active_hiv_case_finding_in_the_city.9.aspx,"Background: Voluntary assisted partner notification (VAPN) services that use contract, provider, or dual referral modalities may be efficient to identify individuals with undiagnosed …",4,6,2,2,https://scholar.google.com/scholar?cites=5448412795949316483&as_sdt=2005&sciodt=2007&hl=en,,3,6,https://journals.lww.com/jaids/fulltext/2022/04010/brief_report__active_hiv_case_finding_in_the_city.9.aspx,44,journals.lww.com,"July 6, 2025 7:45 AM (PDT)",https://scholar.google.com/scholar?q=related:g3lALJKmnEsJ:scholar.google.com/&scioq=author:%22jamie+i+forrest%22&hl=en&as_sdt=2007,HTML
Associations of rainfall with childhood under-nutrition in Rwanda: an ecological study using the data from Rwanda meteorology agency and the 2010 …,"A Mukabutera, JI Forrest, L Nyirazinyoye, ...",2016,Asian Journal of …,https://www.researchgate.net/profile/Mukabutera-Assumpta/publication/295858407_Associations_of_Rainfall_with_Childhood_Under-nutrition_in_Rwanda_An_Ecological_Study_using_the_Data_from_Rwanda_Meteorology_Agency_and_the_2010_Demographic_and_Health_Survey/links/56cec1bd08ae4d8d649aa16f/Associations-of-Rainfall-with-Childhood-Under-nutrition-in-Rwanda-An-Ecological-Study-using-the-Data-from-Rwanda-Meteorology-Agency-and-the-2010-Demographic-and-Health-Survey.pdf,Seasonality of weather and climate can affect many of the complex pathways of nutrition. Methods: Using Rwanda demographic and health survey (RDHS) and precipitation …,4,9,2,1,https://scholar.google.com/scholar?cites=11060611280298556258&as_sdt=2005&sciodt=2007&hl=en,,9,9,https://www.researchgate.net/profile/Mukabutera-Assumpta/publication/295858407_Associations_of_Rainfall_with_Childhood_Under-nutrition_in_Rwanda_An_Ecological_Study_using_the_Data_from_Rwanda_Meteorology_Agency_and_the_2010_Demographic_and_Health_Survey/links/56cec1bd08ae4d8d649aa16f/Associations-of-Rainfall-with-Childhood-Under-nutrition-in-Rwanda-An-Ecological-Study-using-the-Data-from-Rwanda-Meteorology-Agency-and-the-2010-Demographic-and-Health-Survey.pdf,45,researchgate.net,"July 6, 2025 7:45 AM (PDT)",https://scholar.google.com/scholar?q=related:YrvfmFsvf5kJ:scholar.google.com/&scioq=author:%22jamie+i+forrest%22&hl=en&as_sdt=2007,PDF
The role of community health workers and local leaders in reducing attrition among participant in the AIDS indicator survey and HIV incidence in a national …,"M Mutagoma, D Sebuhoro, JP Nyemazi, EJ Mills, ...",2018,BMC Public Health,https://link.springer.com/article/10.1186/s12889-018-5243-x,Background Retention of participants in longitudinal prospective surveys can challenging for population health researchers. Community health workers (CHWs) may help reduce attrition …,5,9,2,1.29,https://scholar.google.com/scholar?cites=5624019320543658005&as_sdt=2005&sciodt=2007&hl=en,10.1186/s12889-018-5243-x,7,9,https://link.springer.com/article/10.1186/s12889-018-5243-x,46,Springer,"July 6, 2025 7:45 AM (PDT)",https://scholar.google.com/scholar?q=related:FUDwUsaHDE4J:scholar.google.com/&scioq=author:%22jamie+i+forrest%22&hl=en&as_sdt=2007,HTML
Durability of non-nucleotide reverse transcriptase inhibitor-based first-line ART regimens after 7 years of treatment in rural Uganda: a prospective cohort study,"M Nanfuka, JI Forrest, W Zhang, S Okoboi, J Birungi, ...",2021,Medicine,https://journals.lww.com/md-journal/fulltext/2021/05140/Durability_of_non_nucleotide_reverse_transcriptase.26.aspx?context=LatestArticles,Most antiretroviral therapy (ART) programs in resource-limited settings have historically used non-nucleotide reverse transcriptase inhibitor (NNRTI)-based regimens with limited …,6,8,1,2,https://scholar.google.com/scholar?cites=2677020148460020929&as_sdt=2005&sciodt=2007&hl=en,,4,8,https://journals.lww.com/md-journal/fulltext/2021/05140/Durability_of_non_nucleotide_reverse_transcriptase.26.aspx?context=LatestArticles,47,journals.lww.com,"July 6, 2025 7:45 AM (PDT)",https://scholar.google.com/scholar?q=related:weSFPaSvJiUJ:scholar.google.com/&scioq=author:%22jamie+i+forrest%22&hl=en&as_sdt=2007,HTML
How do you circumcise a nation? The Rwandan case study,"V Mutabazi, JI Forrest, N Ford, EJ Mills",2014,BMC medicine,https://link.springer.com/article/10.1186/s12916-014-0184-4,Voluntary medical male circumcision has been conclusively demonstrated to reduce the lifetime risk of male acquisition of HIV. The strategy has been adopted as a component of a …,4,7,2,0.64,https://scholar.google.com/scholar?cites=10372402775405105403&as_sdt=2005&sciodt=2007&hl=en,10.1186/s12916-014-0184-4,11,7,https://link.springer.com/article/10.1186/s12916-014-0184-4,48,Springer,"July 6, 2025 7:45 AM (PDT)",https://scholar.google.com/scholar?q=related:-xBMb14t8o8J:scholar.google.com/&scioq=author:%22jamie+i+forrest%22&hl=en&as_sdt=2007,HTML
Toward a New Paradigm of North–South and South–South Partnerships for Pandemic Preparedness: Lessons Learned from COVID-19 and Other Outbreaks,"S Nsanzimana, A Rawat, LA Wilson, ...",2022,… American Journal of …,https://pmc.ncbi.nlm.nih.gov/articles/PMC9768281/,COVID-19 underscores the need to reimagine North–South partnerships and redefine best practices for building public health and research capacity to address emergent health …,4,6,2,2,https://scholar.google.com/scholar?cites=3947374977800068754&as_sdt=2005&sciodt=2007&hl=en,,3,6,https://pmc.ncbi.nlm.nih.gov/articles/PMC9768281/,49,pmc.ncbi.nlm.nih.gov,"July 6, 2025 7:45 AM (PDT)",https://scholar.google.com/scholar?q=related:kt4J06DkxzYJ:scholar.google.com/&scioq=author:%22jamie+i+forrest%22&hl=en&as_sdt=2007,HTML
A latent class analysis of sexual and romantic relationships among HIV-positive and HIV-negative gay and bisexual men in Vancouver,"A Carter, N Lachowsky, JI Forrest, Z Cui, ...",2017,… Canadian Journal of …,https://utppublishing.com/doi/abs/10.3138/cjhs.262.A1,Quantitative studies of gay and bisexual men have often reduced relational experiences to single dimensions and explored linkages with sexual risk behaviours. We sought to …,5,6,1,0.75,https://scholar.google.com/scholar?cites=13285543065942083283&as_sdt=2005&sciodt=2007&hl=en,10.3138/cjhs.262.A1,8,6,https://dralliecarter.com/wp-content/uploads/2019/02/Same-gender-loving-men-and-sexual-wellbeing.pdf,50,utppublishing.com,"July 6, 2025 7:45 AM (PDT)",https://scholar.google.com/scholar?q=related:08ahVQe7X7gJ:scholar.google.com/&scioq=author:%22jamie+i+forrest%22&hl=en&as_sdt=2007,
Factors predictive of 30-day postoperative mortality in HIV/AIDS patients in the era of highly active antiretroviral therapy,"SM Wiseman, JI Forrest, JE Chan, W Zhang, ...",2012,Annals of …,https://journals.lww.com/annalsofsurgery/fulltext/2012/07000/factors_predictive_of_30_day_postoperative.24.aspx,Background: Factors that predict HIV (human immunodeficiency virus)/AIDS patient postoperative mortality have remained poorly defined. Objectives: The primary objective of …,5,7,1,0.54,https://scholar.google.com/scholar?cites=5034182006611002295&as_sdt=2005&sciodt=2007&hl=en,,13,7,,51,journals.lww.com,"July 6, 2025 7:45 AM (PDT)",https://scholar.google.com/scholar?q=related:t0O23twB3UUJ:scholar.google.com/&scioq=author:%22jamie+i+forrest%22&hl=en&as_sdt=2007,
Building clinical trial priorities at the University of Rwanda,"J Condo, B Kateera, E Mutimura, F Birungi, ...",2014,Trials,https://link.springer.com/article/10.1186/1745-6215-15-467,"After the genocide in Rwanda, the country's healthcare system collapsed. Remarkable gains have since been made by the state to provide greater clinical service capacity and expand …",5,8,2,0.73,https://scholar.google.com/scholar?cites=1354942406866963342&as_sdt=2005&sciodt=2007&hl=en,10.1186/1745-6215-15-467,11,8,https://link.springer.com/article/10.1186/1745-6215-15-467,52,Springer,"July 6, 2025 7:45 AM (PDT)",https://scholar.google.com/scholar?q=related:jgtrtPC4zRIJ:scholar.google.com/&scioq=author:%22jamie+i+forrest%22&hl=en&as_sdt=2007,HTML
Resilient clinical trial infrastructure in response to the COVID-19 pandemic: lessons learned from the TOGETHER randomized platform clinical trial,"JI Forrest, A Rawat, F Duailibe, CM Guo, ...",2022,… American Journal of …,https://pmc.ncbi.nlm.nih.gov/articles/PMC8832890/,"In response to the COVID-19 pandemic, clinical research groups across the world developed trial protocols to evaluate the safety and efficacy of treatments for COVID-19 …",5,1,0,0.33,https://scholar.google.com/scholar?cites=4868438883182491936&as_sdt=2005&sciodt=2007&hl=en,,3,1,https://pmc.ncbi.nlm.nih.gov/articles/PMC8832890/,53,pmc.ncbi.nlm.nih.gov,"July 6, 2025 7:45 AM (PDT)",https://scholar.google.com/scholar?q=related:ILnKwl4rkEMJ:scholar.google.com/&scioq=author:%22jamie+i+forrest%22&hl=en&as_sdt=2007,HTML
Factors associated with recent HIV infections among newly HIV diagnosed in Rwanda.,"E Remera, F Chammartin, S Nsanzimana, ...",2022,JAIDS Journal of …,https://journals.lww.com/jaids/abstract/9900/factors_associated_with_recent_hiv_infections.616.aspx,Methods: We included all newly diagnosed HIV patients aged 15 and above who consented to recency testing and assessed patient and health center related predictors of recent HIV …,4,0,0,0,,,3,0,https://journals.lww.com/jaids/_layouts/15/oaks.journals/downloadpdf.aspx?an=00126334-990000000-00616,55,journals.lww.com,"July 6, 2025 7:45 AM (PDT)",https://scholar.google.com/scholar?q=related:aU9Xy4BL_VMJ:scholar.google.com/&scioq=author:%22jamie+i+forrest%22&hl=en&as_sdt=2007,
Early Treatment with Fluvoxamine Among Patients with COVID-19: A Cost-Consequence Model,"G Reis, JI Forrest, CM Guo, EJ Mills",2023,scholar.archive.org,https://scholar.archive.org/work/rbg32nhbd5gujiqdtxek6b7syu/access/wayback/https://www.medrxiv.org/content/medrxiv/early/2021/12/24/2021.12.23.21268352.full.pdf,Background Three randomized trials have been conducted indicating a clinical benefit of early treatment with fluvoxamine versus placebo for adults with symptomatic COVID-19. We …,4,0,0,0,,,0,0,https://scholar.archive.org/work/rbg32nhbd5gujiqdtxek6b7syu/access/wayback/https://www.medrxiv.org/content/medrxiv/early/2021/12/24/2021.12.23.21268352.full.pdf,56,,"July 6, 2025 7:45 AM (PDT)",https://scholar.google.com/scholar?q=related:p79up7KJNRoJ:scholar.google.com/&scioq=author:%22jamie+i+forrest%22&hl=en&as_sdt=2007,PDF
Correction to: Early Treatment of COVID-19 Disease: A Missed Opportunity,"JI Forrest, CR Rayner, JJH Park, ...",2020,Infectious diseases and …,https://pmc.ncbi.nlm.nih.gov/articles/PMC7649304/,Correction to: Early Treatment of COVID-19 Disease: A Missed Opportunity - PMC Skip to main content Here's how you know Official websites use .gov A .gov website belongs to an official …,4,0,0,0,,,5,0,,57,pmc.ncbi.nlm.nih.gov,"July 6, 2025 7:45 AM (PDT)",https://scholar.google.com/scholar?q=related:S1WLo1u2A4kJ:scholar.google.com/&scioq=author:%22jamie+i+forrest%22&hl=en&as_sdt=2007,
Many pathways to ending AIDS by 2030,"S Nsanzimana, JI Forrest",2018,The Lancet HIV,https://www.thelancet.com/journals/lanhiv/article/PIIS2352-3018(18)30131-0/abstract,"The Rukarara River in western Rwanda is the most distant headwater of the Nile, the longest river in the world. Water originating here joins water from thousands of other tributaries to …",2,1,1,0.14,https://scholar.google.com/scholar?cites=9158816845373813306&as_sdt=2005&sciodt=2007&hl=en,,7,1,,58,thelancet.com,"July 6, 2025 7:45 AM (PDT)",https://scholar.google.com/scholar?q=related:OrJeN2WnGn8J:scholar.google.com/&scioq=author:%22jamie+i+forrest%22&hl=en&as_sdt=2007,CITATION